Inv No,Date,TOI,Product Desc,Quantity,Unit,Currency,Rate,CTH,Basic notification,Sr no,CETH,Excise notification,Sr no,Mrp Sr no,Amount,SAD notification,Sr no,Exim Code,Scheme Notn,Scheme SrNo,Generic Description,BRAND,Model,END USE,EduCessNotnNo,EduCessNotnSrNo ,SHEduCessNotnNo,SHEduCessNotnSrNo,CEXEduCessNotnNo,CEXEduCessNotnSrNo ,Country of origin,RSP Notf,Sr. no.,Sapta Notif No,SAPTA Sr No,Manufacturer,Address,MRP Status,Abatement Rate,IGST Notn No,IGST SrNo,GST CCESS Notn No,GST CCESS SrNo,IGST Exemp Notn Type,IGST Exemp Notn No,IGST Exemp SrNo,GST CCESS Exemp NotnType,GST CCESS Exemp Notn No,GST CCESS Exemp SrNo,Manufacturer Cntry,Manufacturer State,Manuf Postal Code,SWS Notn No,SWS Notn SrNo,Duty Exemption Type,Regn No.,Regn Date,Regn Port,Item SNo. In Lic.,Product Material Code,Type Of Item,Source Country,Transit Country,SQC_Qty,Consigner Name,Consigner Address,Consigner City,Consigner Country,SIMS Category,SIMS Code,Custom Health Cess Notn No,Custom Health Cess Notn SrNo,COO_No ,COO_Date of Issue ,COO_Issuing Country ,COO_Origin Criteria ,COO_Origin Criteria remarks ,COO_Accumulation/Cumulation Status ,FOC Item,AIDC Levy Notification No ,AIDC Levy Notification Sr.No. ,AIDC Exemption Notification No. ,AIDC Exemption Notification Sr.No. ,AIDCNotn_Excise,ADICNotnSr_Excise,Previous BE No.,Previous BE Date,Previous BE IGM No.,Previous BE IGM Date,Previous BE Currency,Previous BE Unit Price,Previous BE Custom House,Aggregate Duty Notification No.,Aggregate Duty Notification Sr.No.,COO_Tariff Shift,COO_Retroactive Issuance Status,COO_Direct Consignment Status,GST_Comp_Cess_SalePrice_INR,CVD_Notn,CVD_SLNo,CVD_Rate,CVD_Calc,CVD_ItemSLNo,CVD_SuppSLNo,COO_ItemSrNoCert
47575790,5/2/2026,CIF,06K121605C TIMING BELT (AUTOMOTIVE PARTS FOR CAPTIVE CONSUMPTION),252,PCS,INR,126.1438889,40103290,,,NOEXCISE,,,,,,,,,,(AUTOMOTIVE PARTS FOR CAPTIVE CONSUMPTION),SKODA,06K121605C,GNX200,,,,,,,IT,,,,,,,N,,009/2025,II136,001/2017,56,,,,,,,,,,,,,,,,,,,,,8.89056,AUDI HUNGARIA Zrt.,"HU-9027 Gyor, Audi Hungaria ut 1. UST-ID-NR.: HU23391475",,HU,,,,,,,,,,,,,,,,011/2021,17,,,,,,,,,,,,,,,,,,,,
47575790,5/2/2026,CIF,WHT008983 PULLEY (AUTOMOTIVE PARTS FOR CAPTIVE CONSUMPTION),250,PCS,INR,11.19132,87089900,,,NOEXCISE,,,,,,,,,,(AUTOMOTIVE PARTS FOR CAPTIVE CONSUMPTION),SKODA,WHT008983,GNX200,,,,,,,DE,,,,,,,N,,009/2025,II544,001/2017,56,,,,,,,,,,,,,,,,,,,,,250,AUDI HUNGARIA Zrt.,"HU-9027 Gyor, Audi Hungaria ut 1. UST-ID-NR.: HU23391475",,HU,,,,,,,,,,,,,,,,011/2021,17,,,,,,,,,,,,,,,,,,,,
47575790,5/2/2026,CIF,038919081H OIL PRESSURE SWITCH (AUTOMOTIVE PARTS FOR CAPTIVE CONSUMPTION),280,PCS,INR,66.01010714,85365090,,,NOEXCISE,,,,,,,,,,(AUTOMOTIVE PARTS FOR CAPTIVE CONSUMPTION),SKODA,038919081H,GNX200,,,,,,,DE,,,,,,,N,,009/2025,II508,001/2017,56,,,,,,,,,,,,,,,,,,,,,280,AUDI HUNGARIA Zrt.,"HU-9027 Gyor, Audi Hungaria ut 1. UST-ID-NR.: HU23391475",,HU,,,,,,,,,,,,,,,,011/2021,17,,,,,,,,,,,,,,,,,,,,
47575790,5/2/2026,CIF,N10766301 HEXALOBULAR SOCKET (AUTOMOTIVE PARTS FOR CAPTIVE CONSUMPTION),1000,PCS,INR,5.1527,73181190,,,NOEXCISE,,,,,,,,,,(AUTOMOTIVE PARTS FOR CAPTIVE CONSUMPTION),SKODA,N10766301,GNX200,,,,,,,DE,,,,,,,N,,009/2025,II296,001/2017,56,,,,,,,,,,,,,,,,,,,,,52,AUDI HUNGARIA Zrt.,"HU-9027 Gyor, Audi Hungaria ut 1. UST-ID-NR.: HU23391475",,HU,SIUNAPL,MOSSIMS230326483540,0.052,,,,,,,,,,,,,011/2021,17,,,,,,,,,,,,,,,,,,,,
47575790,5/2/2026,CIF,N10714802 SOCKET (AUTOMOTIVE PARTS FOR CAPTIVE CONSUMPTION),2000,PCS,INR,2.1182,73181190,,,NOEXCISE,,,,,,,,,,(AUTOMOTIVE PARTS FOR CAPTIVE CONSUMPTION),SKODA,N10714802,GNX200,,,,,,,DE,,,,,,,N,,009/2025,II296,001/2017,56,,,,,,,,,,,,,,,,,,,,,264,AUDI HUNGARIA Zrt.,"HU-9027 Gyor, Audi Hungaria ut 1. UST-ID-NR.: HU23391475",,HU,SIUNAPL,MOSSIMS230326483541,0.264,,,,,,,,,,,,,011/2021,17,,,,,,,,,,,,,,,,,,,,
47575790,5/2/2026,CIF,N10739401 DUO HEXAGON FLANGEBOLT (AUTOMOTIVE PARTS FOR CAPTIVE CONSUMPTION),300,PCS,INR,9.6847,73181500,,,NOEXCISE,,,,,,,,,,(AUTOMOTIVE PARTS FOR CAPTIVE CONSUMPTION),SKODA,N10739401,GNX200,,,,,,,DE,,,,,,,N,,009/2025,II296,001/2017,56,,,,,,,,,,,,,,,,,,,,,18,AUDI HUNGARIA Zrt.,"HU-9027 Gyor, Audi Hungaria ut 1. UST-ID-NR.: HU23391475",,HU,SIUNAPL,MOSSIMS230326483542,0.018,,,,,,,,,,,,,011/2021,17,,,,,,,,,,,,,,,,,,,,
47575790,5/2/2026,CIF,N91229201 DOUBLE SCREW (AUTOMOTIVE PARTS FOR CAPTIVE CONSUMPTION),500,PCS,INR,5.4359,73181190,,,NOEXCISE,,,,,,,,,,(AUTOMOTIVE PARTS FOR CAPTIVE CONSUMPTION),SKODA,N91229201,GNX200,,,,,,,CZ,,,,,,,N,,009/2025,II296,001/2017,56,,,,,,,,,,,,,,,,,,,,,36.715,AUDI HUNGARIA Zrt.,"HU-9027 Gyor, Audi Hungaria ut 1. UST-ID-NR.: HU23391475",,HU,SIUNAPL,MOSSIMS230326483543,0.036715,,,,,,,,,,,,,011/2021,17,,,,,,,,,,,,,,,,,,,,
47575790,5/2/2026,CIF,022109423D SUPPORT ELEMENT (AUTOMOTIVE PARTS FOR CAPTIVE CONSUMPTION),1008,PCS,INR,53.20210317,84099990,,,NOEXCISE,,,,,,,,,,(AUTOMOTIVE PARTS FOR CAPTIVE CONSUMPTION),SKODA,022109423D,GNX200,,,,,,,DE,,,,,,,N,,009/2025,II396,001/2017,56,,,,,,,,,,,,,,,,,,,,,177.8112,AUDI HUNGARIA Zrt.,"HU-9027 Gyor, Audi Hungaria ut 1. UST-ID-NR.: HU23391475",,HU,,,,,,,,,,,,,,,,011/2021,17,,,,,,,,,,,,,,,,,,,,
47575790,5/2/2026,CIF,"036109651 COTTER,SPLIT (AUTOMOTIVE PARTS FOR CAPTIVE CONSUMPTION)",20000,PCS,INR,0.9951,87089900,,,NOEXCISE,,,,,,,,,,(AUTOMOTIVE PARTS FOR CAPTIVE CONSUMPTION),SKODA,036109651,GNX200,,,,,,,DE,,,,,,,N,,009/2025,II544,001/2017,56,,,,,,,,,,,,,,,,,,,,,1600,AUDI HUNGARIA Zrt.,"HU-9027 Gyor, Audi Hungaria ut 1. UST-ID-NR.: HU23391475",,HU,,,,,,,,,,,,,,,,011/2021,17,,,,,,,,,,,,,,,,,,,,
47575790,5/2/2026,CIF,06E109641A VALVE SPRING PLATE (AUTOMOTIVE PARTS FOR CAPTIVE CONSUMPTION),1400,PCS,INR,4.1084,84099990,,,NOEXCISE,,,,,,,,,,(AUTOMOTIVE PARTS FOR CAPTIVE CONSUMPTION),SKODA,06E109641A,GNX200,,,,,,,DE,,,,,,,N,,009/2025,II396,001/2017,56,,,,,,,,,,,,,,,,,,,,,135.24,AUDI HUNGARIA Zrt.,"HU-9027 Gyor, Audi Hungaria ut 1. UST-ID-NR.: HU23391475",,HU,,,,,,,,,,,,,,,,011/2021,17,,,,,,,,,,,,,,,,,,,,
47575790,5/2/2026,CIF,06H103559B INTERMEDIATE SHAFT (AUTOMOTIVE PARTS FOR CAPTIVE CONSUMPTION),144,PCS,INR,193.0056944,87089900,,,NOEXCISE,,,,,,,,,,(AUTOMOTIVE PARTS FOR CAPTIVE CONSUMPTION),SKODA,06H103559B,GNX200,,,,,,,DE,,,,,,,N,,009/2025,II544,001/2017,56,,,,,,,,,,,,,,,,,,,,,144,AUDI HUNGARIA Zrt.,"HU-9027 Gyor, Audi Hungaria ut 1. UST-ID-NR.: HU23391475",,HU,,,,,,,,,,,,,,,,011/2021,17,,,,,,,,,,,,,,,,,,,,
47575790,5/2/2026,CIF,06H103731G PULLEY (AUTOMOTIVE PARTS FOR CAPTIVE CONSUMPTION),192,PCS,INR,40.81791667,84835090,,,NOEXCISE,,,,,,,,,,(AUTOMOTIVE PARTS FOR CAPTIVE CONSUMPTION),SKODA,06H103731G,GNX200,,,,,,,SI,,,,,,,N,,009/2025,II468,001/2017,56,,,,,,,,,,,,,,,,,,,,,192,AUDI HUNGARIA Zrt.,"HU-9027 Gyor, Audi Hungaria ut 1. UST-ID-NR.: HU23391475",,HU,,,,,,,,,,,,,,,,011/2021,17,,,,,,,,,,,,,,,,,,,,
47575790,5/2/2026,CIF,06K103199L TUBE (AUTOMOTIVE PARTS FOR CAPTIVE CONSUMPTION),72,PCS,INR,13.30055556,87089900,,,NOEXCISE,,,,,,,,,,(AUTOMOTIVE PARTS FOR CAPTIVE CONSUMPTION),SKODA,06K103199L,GNX200,,,,,,,DE,,,,,,,N,,009/2025,II544,001/2017,56,,,,,,,,,,,,,,,,,,,,,1.296,AUDI HUNGARIA Zrt.,"HU-9027 Gyor, Audi Hungaria ut 1. UST-ID-NR.: HU23391475",,HU,,,,,,,,,,,,,,,,011/2021,17,,,,,,,,,,,,,,,,,,,,
47575790,5/2/2026,CIF,06K109121E TOOTHED BELT COVER (AUTOMOTIVE PARTS FOR CAPTIVE CONSUMPTION),78,PCS,INR,53.20205128,87089900,,,NOEXCISE,,,,,,,,,,(AUTOMOTIVE PARTS FOR CAPTIVE CONSUMPTION),SKODA,06K109121E,GNX200,,,,,,,DE,,,,,,,N,,009/2025,II544,001/2017,56,,,,,,,,,,,,,,,,,,,,,4.19796,AUDI HUNGARIA Zrt.,"HU-9027 Gyor, Audi Hungaria ut 1. UST-ID-NR.: HU23391475",,HU,,,,,,,,,,,,,,,,011/2021,17,,,,,,,,,,,,,,,,,,,,
47575790,5/2/2026,CIF,06K115243L CONTROL VALVE (AUTOMOTIVE PARTS FOR CAPTIVE CONSUMPTION),48,PCS,INR,413.765,84818090,,,NOEXCISE,,,,,,,,,,(AUTOMOTIVE PARTS FOR CAPTIVE CONSUMPTION),SKODA,06K115243L,GNX200,,,,,,,MA,,,,,,,N,,009/2025,II466,001/2017,56,,,,,,,,,,,,,,,,,,,,,2.16576,AUDI HUNGARIA Zrt.,"HU-9027 Gyor, Audi Hungaria ut 1. UST-ID-NR.: HU23391475",,HU,,,,,,,,,,,,,,,,011/2021,17,,,,,,,,,,,,,,,,,,,,
47575790,5/2/2026,CIF,06L109311 CAM FOLLOWER (AUTOMOTIVE PARTS FOR CAPTIVE CONSUMPTION),245,PCS,INR,236.4542041,84099990,,,NOEXCISE,,,,,,,,,,(AUTOMOTIVE PARTS FOR CAPTIVE CONSUMPTION),SKODA,06L109311,GNX200,,,,,,,DE,,,,,,,N,,009/2025,II396,001/2017,56,,,,,,,,,,,,,,,,,,,,,29.17215,AUDI HUNGARIA Zrt.,"HU-9027 Gyor, Audi Hungaria ut 1. UST-ID-NR.: HU23391475",,HU,,,,,,,,,,,,,,,,011/2021,17,,,,,,,,,,,,,,,,,,,,
47575790,5/2/2026,CIF,06L253039 EXHAUST MANIFOLD G (AUTOMOTIVE PARTS FOR CAPTIVE CONSUMPTION),200,PCS,INR,43.5156,84849000,,,NOEXCISE,,,,,,,,,,(AUTOMOTIVE PARTS FOR CAPTIVE CONSUMPTION),SKODA,06L253039,GNX200,,,,,,,DE,,,,,,,N,,009/2025,II469,001/2017,56,,,,,,,,,,,,,,,,,,,,,8,AUDI HUNGARIA Zrt.,"HU-9027 Gyor, Audi Hungaria ut 1. UST-ID-NR.: HU23391475",,HU,,,,,,,,,,,,,,,,011/2021,17,,,,,,,,,,,,,,,,,,,,
47575790,5/2/2026,CIF,N10335206 HEXALOBULAR SOCKETPAN HE (AUTOMOTIVE PARTS FOR CAPTIVE CONSUMPTION),2800,PCS,INR,1.4681,73181190,,,NOEXCISE,,,,,,,,,,(AUTOMOTIVE PARTS FOR CAPTIVE CONSUMPTION),SKODA,N10335206,GNX200,,,,,,,IT,,,,,,,N,,009/2025,II296,001/2017,56,,,,,,,,,,,,,,,,,,,,,392,AUDI HUNGARIA Zrt.,"HU-9027 Gyor, Audi Hungaria ut 1. UST-ID-NR.: HU23391475",,HU,SIUNAPL,MOSSIMS230326483544,0.392,,,,,,,,,,,,,011/2021,17,,,,,,,,,,,,,,,,,,,,
47575790,5/2/2026,CIF,N10524202 12-POINT SOCKET BOLT (AUTOMOTIVE PARTS FOR CAPTIVE CONSUMPTION),750,PCS,INR,5.6552,73181500,,,NOEXCISE,,,,,,,,,,(AUTOMOTIVE PARTS FOR CAPTIVE CONSUMPTION),SKODA,N10524202,GNX200,,,,,,,TR,,,,,,,N,,009/2025,II296,001/2017,56,,,,,,,,,,,,,,,,,,,,,90,AUDI HUNGARIA Zrt.,"HU-9027 Gyor, Audi Hungaria ut 1. UST-ID-NR.: HU23391475",,HU,SIUNAPL,MOSSIMS230326483558,0.09,,,,,,,,,,,,,011/2021,17,,,,,,,,,,,,,,,,,,,,
47575790,5/2/2026,CIF,N10554005 HEXALOBULAR SOCKETPAN HE (AUTOMOTIVE PARTS FOR CAPTIVE CONSUMPTION),2800,PCS,INR,2.2168,73181190,,,NOEXCISE,,,,,,,,,,(AUTOMOTIVE PARTS FOR CAPTIVE CONSUMPTION),SKODA,N10554005,GNX200,,,,,,,IT,,,,,,,N,,009/2025,II296,001/2017,56,,,,,,,,,,,,,,,,,,,,,666.4,AUDI HUNGARIA Zrt.,"HU-9027 Gyor, Audi Hungaria ut 1. UST-ID-NR.: HU23391475",,HU,SIUNAPL,MOSSIMS230326483545,0.6664,,,,,,,,,,,,,011/2021,17,,,,,,,,,,,,,,,,,,,,
47575790,5/2/2026,CIF,N10664801 MULTIPOINT SOCKET SHOULD (AUTOMOTIVE PARTS FOR CAPTIVE CONSUMPTION),900,PCS,INR,3.3694,73181190,,,NOEXCISE,,,,,,,,,,(AUTOMOTIVE PARTS FOR CAPTIVE CONSUMPTION),SKODA,N10664801,GNX200,,,,,,,TR,,,,,,,N,,009/2025,II296,001/2017,56,,,,,,,,,,,,,,,,,,,,,118.26,AUDI HUNGARIA Zrt.,"HU-9027 Gyor, Audi Hungaria ut 1. UST-ID-NR.: HU23391475",,HU,SIUNAPL,MOSSIMS230326483556,0.11826,,,,,,,,,,,,,011/2021,17,,,,,,,,,,,,,,,,,,,,
47575790,5/2/2026,CIF,N91045502 TRIPLE SQUARE BOLT (AUTOMOTIVE PARTS FOR CAPTIVE CONSUMPTION),300,PCS,INR,6.2168,73181500,,,NOEXCISE,,,,,,,,,,(AUTOMOTIVE PARTS FOR CAPTIVE CONSUMPTION),SKODA,N91045502,GNX200,,,,,,,DE,,,,,,,N,,009/2025,II296,001/2017,56,,,,,,,,,,,,,,,,,,,,,27,AUDI HUNGARIA Zrt.,"HU-9027 Gyor, Audi Hungaria ut 1. UST-ID-NR.: HU23391475",,HU,SIUNAPL,MOSSIMS230326483547,0.027,,,,,,,,,,,,,011/2021,17,,,,,,,,,,,,,,,,,,,,
47575790,5/2/2026,CIF,N91211201 HEXALOBULAR SOCKET (AUTOMOTIVE PARTS FOR CAPTIVE CONSUMPTION),600,PCS,INR,6.0493,73181190,,,NOEXCISE,,,,,,,,,,(AUTOMOTIVE PARTS FOR CAPTIVE CONSUMPTION),SKODA,N91211201,GNX200,,,,,,,DE,,,,,,,N,,009/2025,II296,001/2017,56,,,,,,,,,,,,,,,,,,,,,18,AUDI HUNGARIA Zrt.,"HU-9027 Gyor, Audi Hungaria ut 1. UST-ID-NR.: HU23391475",,HU,SIUNAPL,MOSSIMS230326483548,0.018,,,,,,,,,,,,,011/2021,17,,,,,,,,,,,,,,,,,,,,
47575790,5/2/2026,CIF,N10865901 HEXALOBULAR SOCKET (AUTOMOTIVE PARTS FOR CAPTIVE CONSUMPTION),1000,PCS,INR,2.6985,73181190,,,NOEXCISE,,,,,,,,,,(AUTOMOTIVE PARTS FOR CAPTIVE CONSUMPTION),SKODA,N10865901,GNX200,,,,,,,IT,,,,,,,N,,009/2025,II296,001/2017,56,,,,,,,,,,,,,,,,,,,,,100,AUDI HUNGARIA Zrt.,"HU-9027 Gyor, Audi Hungaria ut 1. UST-ID-NR.: HU23391475",,HU,SIUNAPL,MOSSIMS230326483549,0.1,,,,,,,,,,,,,011/2021,17,,,,,,,,,,,,,,,,,,,,
47575790,5/2/2026,CIF,WHT009475 HEXAGON FLANGE BOLT (AUTOMOTIVE PARTS FOR CAPTIVE CONSUMPTION),1500,PCS,INR,40.4387,73181190,,,NOEXCISE,,,,,,,,,,(AUTOMOTIVE PARTS FOR CAPTIVE CONSUMPTION),SKODA,WHT009475,GNX200,,,,,,,DE,,,,,,,N,,009/2025,II296,001/2017,56,,,,,,,,,,,,,,,,,,,,,3712.5,AUDI HUNGARIA Zrt.,"HU-9027 Gyor, Audi Hungaria ut 1. UST-ID-NR.: HU23391475",,HU,SIUNAPL,MOSSIMS230326483550,3.7125,,,,,,,,,,,,,011/2021,17,,,,,,,,,,,,,,,,,,,,
47575790,5/2/2026,CIF,06H109467BA CHAIN TENSIONER (AUTOMOTIVE PARTS FOR CAPTIVE CONSUMPTION),114,PCS,INR,268.6091228,84835090,,,NOEXCISE,,,,,,,,,,(AUTOMOTIVE PARTS FOR CAPTIVE CONSUMPTION),SKODA,06H109467BA,GNX200,,,,,,,IT,,,,,,,N,,009/2025,II468,001/2017,56,,,,,,,,,,,,,,,,,,,,,114,AUDI HUNGARIA Zrt.,"HU-9027 Gyor, Audi Hungaria ut 1. UST-ID-NR.: HU23391475",,HU,,,,,,,,,,,,,,,,011/2021,17,,,,,,,,,,,,,,,,,,,,
47575790,5/2/2026,CIF,06K103171P SEALING FLANGE (AUTOMOTIVE PARTS FOR CAPTIVE CONSUMPTION),75,PCS,INR,141.0921333,84099990,,,NOEXCISE,,,,,,,,,,(AUTOMOTIVE PARTS FOR CAPTIVE CONSUMPTION),SKODA,06K103171P,GNX200,,,,,,,HU,,,,,,,N,,009/2025,II396,001/2017,56,,,,,,,,,,,,,,,,,,,,,8.38125,AUDI HUNGARIA Zrt.,"HU-9027 Gyor, Audi Hungaria ut 1. UST-ID-NR.: HU23391475",,HU,,,,,,,,,,,,,,,,011/2021,17,,,,,,,,,,,,,,,,,,,,
47575790,5/2/2026,CIF,06B105313D NEEDLE SLEEVE (AUTOMOTIVE PARTS FOR CAPTIVE CONSUMPTION),350,PCS,INR,98.82791429,84828000,,,NOEXCISE,,,,,,,,,,(AUTOMOTIVE PARTS FOR CAPTIVE CONSUMPTION),SKODA,06B105313D,GNX200,,,,,,,DE,,,,,,,N,,009/2025,II467,001/2017,56,,,,,,,,,,,,,,,,,,,,,350,AUDI HUNGARIA Zrt.,"HU-9027 Gyor, Audi Hungaria ut 1. UST-ID-NR.: HU23391475",,HU,,,,,,,,,,,,,,,,011/2021,17,,,,,,,,,,,,,,,,,,,,
47575790,5/2/2026,CIF,06E103697Q ADJUSTER UNIT (AUTOMOTIVE PARTS FOR CAPTIVE CONSUMPTION),480,PCS,INR,392.1197083,84812000,,,NOEXCISE,,,,,,,,,,(AUTOMOTIVE PARTS FOR CAPTIVE CONSUMPTION),SKODA,06E103697Q,GNX200,,,,,,,AT,,,,,,,N,,009/2025,II466,001/2017,56,,,,,,,,,,,,,,,,,,,,,172.8,AUDI HUNGARIA Zrt.,"HU-9027 Gyor, Audi Hungaria ut 1. UST-ID-NR.: HU23391475",,HU,,,,,,,,,,,,,,,,011/2021,17,,,,,,,,,,,,,,,,,,,,
47575790,5/2/2026,CIF,06K103319C SPROCKET (AUTOMOTIVE PARTS FOR CAPTIVE CONSUMPTION),60,PCS,INR,932.7228333,84834000,,,NOEXCISE,,,,,,,,,,(AUTOMOTIVE PARTS FOR CAPTIVE CONSUMPTION),SKODA,06K103319C,GNX200,,,,,,,DE,,,,,,,N,,009/2025,II468,001/2017,56,,,,,,,,,,,,,,,,,,,,,60,AUDI HUNGARIA Zrt.,"HU-9027 Gyor, Audi Hungaria ut 1. UST-ID-NR.: HU23391475",,HU,,,,,,,,,,,,,,,,011/2021,17,,,,,,,,,,,,,,,,,,,,
47575790,5/2/2026,CIF,06K105561ROT MAIN BEARING (AUTOMOTIVE PARTS FOR CAPTIVE CONSUMPTION),525,PCS,INR,26.3092,84821090,,,NOEXCISE,,,,,,,,,,(AUTOMOTIVE PARTS FOR CAPTIVE CONSUMPTION),SKODA,06K105561ROT,GNX200,,,,,,,DE,,,,,,,N,,009/2025,II467,001/2017,56,,,,,,,,,,,,,,,,,,,,,525,AUDI HUNGARIA Zrt.,"HU-9027 Gyor, Audi Hungaria ut 1. UST-ID-NR.: HU23391475",,HU,,,,,,,,,,,,,,,,011/2021,17,,,,,,,,,,,,,,,,,,,,
47575790,5/2/2026,CIF,06Q103551 INTERMEDIATE PLATE (AUTOMOTIVE PARTS FOR CAPTIVE CONSUMPTION),96,PCS,INR,53.54416667,87089900,,,NOEXCISE,,,,,,,,,,(AUTOMOTIVE PARTS FOR CAPTIVE CONSUMPTION),SKODA,06Q103551,GNX200,,,,,,,DE,,,,,,,N,,009/2025,II544,001/2017,56,,,,,,,,,,,,,,,,,,,,,23.04,AUDI HUNGARIA Zrt.,"HU-9027 Gyor, Audi Hungaria ut 1. UST-ID-NR.: HU23391475",,HU,,,,,,,,,,,,,,,,011/2021,17,,,,,,,,,,,,,,,,,,,,
47575790,5/2/2026,CIF,"N10701501 BOLT, WITH POLYGON SOCKET HD. (AUTOMOTIVE PARTS FOR CAPTIVE CONSUMPTION)",200,PCS,INR,14.0591,73181500,,,NOEXCISE,,,,,,,,,,(AUTOMOTIVE PARTS FOR CAPTIVE CONSUMPTION),SKODA,N10701501,GNX200,,,,,,,TR,,,,,,,N,,009/2025,II296,001/2017,56,,,,,,,,,,,,,,,,,,,,,18.72,AUDI HUNGARIA Zrt.,"HU-9027 Gyor, Audi Hungaria ut 1. UST-ID-NR.: HU23391475",,HU,SIUNAPL,MOSSIMS230326483557,0.01872,,,,,,,,,,,,,011/2021,17,,,,,,,,,,,,,,,,,,,,
47575790,5/2/2026,CIF,06K133833CA SHIELD (AUTOMOTIVE PARTS FOR CAPTIVE CONSUMPTION),60,PCS,INR,234.7791667,87089900,,,NOEXCISE,,,,,,,,,,(AUTOMOTIVE PARTS FOR CAPTIVE CONSUMPTION),SKODA,06K133833CA,GNX200,,,,,,,DE,,,,,,,N,,009/2025,II544,001/2017,56,,,,,,,,,,,,,,,,,,,,,0.9,AUDI HUNGARIA Zrt.,"HU-9027 Gyor, Audi Hungaria ut 1. UST-ID-NR.: HU23391475",,HU,,,,,,,,,,,,,,,,011/2021,17,,,,,,,,,,,,,,,,,,,,
47575790,5/2/2026,CIF,06L105101F CRANKSHAFT (AUTOMOTIVE PARTS FOR CAPTIVE CONSUMPTION),72,PCS,INR,5700.12,84831091,,,NOEXCISE,,,,,,,,,,(AUTOMOTIVE PARTS FOR CAPTIVE CONSUMPTION),SKODA,06L105101F,GNX200,,,,,,,HU,,,,,,,N,,009/2025,II468,001/2017,56,,,,,,,,,,,,,,,,,,,,,72,AUDI HUNGARIA Zrt.,"HU-9027 Gyor, Audi Hungaria ut 1. UST-ID-NR.: HU23391475",,HU,,,,,,,,,,,,,,,,011/2021,17,,,,,,,,,,,,,,,,,,,,
47575790,5/2/2026,CIF,N10765501 HEXAGONAL SOCKET HEAD (AUTOMOTIVE PARTS FOR CAPTIVE CONSUMPTION),225,PCS,INR,8.612711111,73181190,,,NOEXCISE,,,,,,,,,,(AUTOMOTIVE PARTS FOR CAPTIVE CONSUMPTION),SKODA,N10765501,GNX200,,,,,,,DE,,,,,,,N,,009/2025,II296,001/2017,56,,,,,,,,,,,,,,,,,,,,,6.0255,AUDI HUNGARIA Zrt.,"HU-9027 Gyor, Audi Hungaria ut 1. UST-ID-NR.: HU23391475",,HU,SIUNAPL,MOSSIMS230326483546,0.0060255,,,,,,,,,,,,,011/2021,17,,,,,,,,,,,,,,,,,,,,
47575790,5/2/2026,CIF,050105189K RELUCTOR WHEEL (AUTOMOTIVE PARTS FOR CAPTIVE CONSUMPTION),68,PCS,INR,111.4007353,84099990,,,NOEXCISE,,,,,,,,,,(AUTOMOTIVE PARTS FOR CAPTIVE CONSUMPTION),SKODA,050105189K,GNX200,,,,,,,DE,,,,,,,N,,009/2025,II396,001/2017,56,,,,,,,,,,,,,,,,,,,,,15.35168,AUDI HUNGARIA Zrt.,"HU-9027 Gyor, Audi Hungaria ut 1. UST-ID-NR.: HU23391475",,HU,,,,,,,,,,,,,,,,011/2021,17,,,,,,,,,,,,,,,,,,,,
47575790,5/2/2026,CIF,WHT009271 TRIPLE SQUARE BOLT (AUTOMOTIVE PARTS FOR CAPTIVE CONSUMPTION),700,PCS,INR,17.0046,73181500,,,NOEXCISE,,,,,,,,,,(AUTOMOTIVE PARTS FOR CAPTIVE CONSUMPTION),SKODA,WHT009271,GNX200,,,,,,,IT,,,,,,,N,,009/2025,II296,001/2017,56,,,,,,,,,,,,,,,,,,,,,323.4,AUDI HUNGARIA Zrt.,"HU-9027 Gyor, Audi Hungaria ut 1. UST-ID-NR.: HU23391475",,HU,SIUNAPL,MOSSIMS230326483552,0.3234,,,,,,,,,,,,,011/2021,17,,,,,,,,,,,,,,,,,,,,
47575790,5/2/2026,CIF,06K971497G MOUNTING (AUTOMOTIVE PARTS FOR CAPTIVE CONSUMPTION),180,PCS,INR,17.26272222,87089900,,,NOEXCISE,,,,,,,,,,(AUTOMOTIVE PARTS FOR CAPTIVE CONSUMPTION),SKODA,06K971497G,GNX200,,,,,,,HU,,,,,,,N,,009/2025,II544,001/2017,56,,,,,,,,,,,,,,,,,,,,,11.34,AUDI HUNGARIA Zrt.,"HU-9027 Gyor, Audi Hungaria ut 1. UST-ID-NR.: HU23391475",,HU,,,,,,,,,,,,,,,,011/2021,17,,,,,,,,,,,,,,,,,,,,
47575790,5/2/2026,CIF,WHT009773 TRIPLE SQUARE BOLT (AUTOMOTIVE PARTS FOR CAPTIVE CONSUMPTION),3900,PCS,INR,8.012,73181500,,,NOEXCISE,,,,,,,,,,(AUTOMOTIVE PARTS FOR CAPTIVE CONSUMPTION),SKODA,WHT009773,GNX200,,,,,,,IT,,,,,,,N,,009/2025,II296,001/2017,56,,,,,,,,,,,,,,,,,,,,,3011.58,AUDI HUNGARIA Zrt.,"HU-9027 Gyor, Audi Hungaria ut 1. UST-ID-NR.: HU23391475",,HU,SIUNAPL,MOSSIMS230326483553,3.01158,,,,,,,,,,,,,011/2021,17,,,,,,,,,,,,,,,,,,,,
47575790,5/2/2026,CIF,06L115401L OIL FILTER MODULE (AUTOMOTIVE PARTS FOR CAPTIVE CONSUMPTION),96,PCS,INR,280.8844792,84219900,,,NOEXCISE,,,,,,,,,,(AUTOMOTIVE PARTS FOR CAPTIVE CONSUMPTION),SKODA,06L115401L,GNX200,,,,,,,CZ,,,,,,,N,,009/2025,II410,001/2017,56,,,,,,,,,,,,,,,,,,,,,96,AUDI HUNGARIA Zrt.,"HU-9027 Gyor, Audi Hungaria ut 1. UST-ID-NR.: HU23391475",,HU,,,,,,,,,,,,,,,,011/2021,17,,,,,,,,,,,,,,,,,,,,
47575790,5/2/2026,CIF,06H905110P IGNITION COIL (AUTOMOTIVE PARTS FOR CAPTIVE CONSUMPTION),252,PCS,INR,462.7686111,85113020,,,NOEXCISE,,,,,,,,,,(AUTOMOTIVE PARTS FOR CAPTIVE CONSUMPTION),SKODA,06H905110P,GNX200,,,,,,,TR,,,,,,,N,,009/2025,II484,001/2017,56,,,,,,,,,,,,,,,,,,,,,252,AUDI HUNGARIA Zrt.,"HU-9027 Gyor, Audi Hungaria ut 1. UST-ID-NR.: HU23391475",,HU,,,,,,,,,,,,,,,,011/2021,17,,,,,,,,,,,,,,,,,,,,
47575790,5/2/2026,CIF,06N107065J PISTON W.RINGS (AUTOMOTIVE PARTS FOR CAPTIVE CONSUMPTION),320,PCS,INR,29.36840625,84099990,,,NOEXCISE,,,,,,,,,,(AUTOMOTIVE PARTS FOR CAPTIVE CONSUMPTION),SKODA,06N107065J,GNX200,,,,,,,DE,,,,,,,N,,009/2025,II396,001/2017,56,,,,,,,,,,,,,,,,,,,,,430.08,AUDI HUNGARIA Zrt.,"HU-9027 Gyor, Audi Hungaria ut 1. UST-ID-NR.: HU23391475",,HU,,,,,,,,,,,,,,,,011/2021,17,,,,,,,,,,,,,,,,,,,,
47575790,5/2/2026,CIF,06N109021 CAMSHAFT (AUTOMOTIVE PARTS FOR CAPTIVE CONSUMPTION),140,PCS,INR,10078.14779,84831099,,,NOEXCISE,,,,,,,,,,(AUTOMOTIVE PARTS FOR CAPTIVE CONSUMPTION),SKODA,06N109021,GNX200,,,,,,,HU,,,,,,,N,,009/2025,II468,001/2017,56,,,,,,,,,,,,,,,,,,,,,140,AUDI HUNGARIA Zrt.,"HU-9027 Gyor, Audi Hungaria ut 1. UST-ID-NR.: HU23391475",,HU,,,,,,,,,,,,,,,,011/2021,17,,,,,,,,,,,,,,,,,,,,
47575790,5/2/2026,CIF,05L105266J DUAL-MASS FLYWHEEL (AUTOMOTIVE PARTS FOR CAPTIVE CONSUMPTION),72,PCS,INR,5215.200833,84835090,,,NOEXCISE,,,,,,,,,,(AUTOMOTIVE PARTS FOR CAPTIVE CONSUMPTION),SKODA,05L105266J,GNX200,,,,,,,DE,,,,,,,N,,009/2025,II468,001/2017,56,,,,,,,,,,,,,,,,,,,,,72,AUDI HUNGARIA Zrt.,"HU-9027 Gyor, Audi Hungaria ut 1. UST-ID-NR.: HU23391475",,HU,,,,,,,,,,,,,,,,011/2021,17,,,,,,,,,,,,,,,,,,,,
47575790,5/2/2026,CIF,06E109417AQ ROLLER ROCKER ARM (AUTOMOTIVE PARTS FOR CAPTIVE CONSUMPTION),512,PCS,INR,56.13990234,87089900,,,NOEXCISE,,,,,,,,,,(AUTOMOTIVE PARTS FOR CAPTIVE CONSUMPTION),SKODA,06E109417AQ,GNX200,,,,,,,US,,,,,,,N,,009/2025,II544,001/2017,56,,,,,,,,,,,,,,,,,,,,,112.72192,AUDI HUNGARIA Zrt.,"HU-9027 Gyor, Audi Hungaria ut 1. UST-ID-NR.: HU23391475",,HU,,,,,,,,,,,,,,,,011/2021,17,,,,,,,,,,,,,,,,,,,,
47575790,5/2/2026,CIF,06K103295BF BALANCE SHAFT (AUTOMOTIVE PARTS FOR CAPTIVE CONSUMPTION),160,PCS,INR,1436.609188,84831099,,,NOEXCISE,,,,,,,,,,(AUTOMOTIVE PARTS FOR CAPTIVE CONSUMPTION),SKODA,06K103295BF,GNX200,,,,,,,HU,,,,,,,N,,009/2025,II468,001/2017,56,,,,,,,,,,,,,,,,,,,,,160,AUDI HUNGARIA Zrt.,"HU-9027 Gyor, Audi Hungaria ut 1. UST-ID-NR.: HU23391475",,HU,,,,,,,,,,,,,,,,011/2021,17,,,,,,,,,,,,,,,,,,,,
47575790,5/2/2026,CIF,06K103600AF OIL PAN LOWER PART (AUTOMOTIVE PARTS FOR CAPTIVE CONSUMPTION),54,PCS,INR,645.7985185,87089900,,,NOEXCISE,,,,,,,,,,(AUTOMOTIVE PARTS FOR CAPTIVE CONSUMPTION),SKODA,06K103600AF,GNX200,,,,,,,SK,,,,,,,N,,009/2025,II544,001/2017,56,,,,,,,,,,,,,,,,,,,,,70.68384,AUDI HUNGARIA Zrt.,"HU-9027 Gyor, Audi Hungaria ut 1. UST-ID-NR.: HU23391475",,HU,,,,,,,,,,,,,,,,011/2021,17,,,,,,,,,,,,,,,,,,,,
47575790,5/2/2026,CIF,06K103603DE OIL PAN (AUTOMOTIVE PARTS FOR CAPTIVE CONSUMPTION),54,PCS,INR,1985.921111,84099990,,,NOEXCISE,,,,,,,,,,(AUTOMOTIVE PARTS FOR CAPTIVE CONSUMPTION),SKODA,06K103603DE,GNX200,,,,,,,DE,,,,,,,N,,009/2025,II396,001/2017,56,,,,,,,,,,,,,,,,,,,,,105.96744,AUDI HUNGARIA Zrt.,"HU-9027 Gyor, Audi Hungaria ut 1. UST-ID-NR.: HU23391475",,HU,,,,,,,,,,,,,,,,011/2021,17,,,,,,,,,,,,,,,,,,,,
47575790,5/2/2026,CIF,06K105209D SPROCKET (AUTOMOTIVE PARTS FOR CAPTIVE CONSUMPTION),72,PCS,INR,468.2855556,84839000,,,NOEXCISE,,,,,,,,,,(AUTOMOTIVE PARTS FOR CAPTIVE CONSUMPTION),SKODA,06K105209D,GNX200,,,,,,,SK,,,,,,,N,,009/2025,II468,001/2017,56,,,,,,,,,,,,,,,,,,,,,72,AUDI HUNGARIA Zrt.,"HU-9027 Gyor, Audi Hungaria ut 1. UST-ID-NR.: HU23391475",,HU,,,,,,,,,,,,,,,,011/2021,17,,,,,,,,,,,,,,,,,,,,
47575790,5/2/2026,CIF,06K109158BG SILENT CHAIN (AUTOMOTIVE PARTS FOR CAPTIVE CONSUMPTION),72,PCS,INR,729.2184722,73158900,045/2025,I215,NOEXCISE,,,,,,,,,,(AUTOMOTIVE PARTS FOR CAPTIVE CONSUMPTION),SKODA,06K109158BG,GNX200,,,,,,,PL,,,,,,,N,,009/2025,II293,001/2017,56,,,,,,,,,,,,,,,,,,,,,23.17248,AUDI HUNGARIA Zrt.,"HU-9027 Gyor, Audi Hungaria ut 1. UST-ID-NR.: HU23391475",,HU,SIUNAPL,MOSSIMS260326487079,0.02317248,,,,,,,,,,,,,011/2021,17,,,,,,,,,,,,,,,,,,,,
47575790,5/2/2026,CIF,06K109158BH SILENT CHAIN (AUTOMOTIVE PARTS FOR CAPTIVE CONSUMPTION),48,PCS,INR,328.6333333,73158900,045/2025,I215,NOEXCISE,,,,,,,,,,(AUTOMOTIVE PARTS FOR CAPTIVE CONSUMPTION),SKODA,06K109158BH,GNX200,,,,,,,PL,,,,,,,N,,009/2025,II293,001/2017,56,,,,,,,,,,,,,,,,,,,,,4.87296,AUDI HUNGARIA Zrt.,"HU-9027 Gyor, Audi Hungaria ut 1. UST-ID-NR.: HU23391475",,HU,SIUNAPL,MOSSIMS260326487080,0.00487296,,,,,,,,,,,,,011/2021,17,,,,,,,,,,,,,,,,,,,,
47575790,5/2/2026,CIF,06K109467AG CHAIN TENSIONER (AUTOMOTIVE PARTS FOR CAPTIVE CONSUMPTION),96,PCS,INR,342.8740625,84835090,,,NOEXCISE,,,,,,,,,,(AUTOMOTIVE PARTS FOR CAPTIVE CONSUMPTION),SKODA,06K109467AG,GNX200,,,,,,,IT,,,,,,,N,,009/2025,II468,001/2017,56,,,,,,,,,,,,,,,,,,,,,96,AUDI HUNGARIA Zrt.,"HU-9027 Gyor, Audi Hungaria ut 1. UST-ID-NR.: HU23391475",,HU,,,,,,,,,,,,,,,,011/2021,17,,,,,,,,,,,,,,,,,,,,
47575790,5/2/2026,CIF,06K109507R CHAIN TENSIONER (AUTOMOTIVE PARTS FOR CAPTIVE CONSUMPTION),72,PCS,INR,68.82805556,84835090,,,NOEXCISE,,,,,,,,,,(AUTOMOTIVE PARTS FOR CAPTIVE CONSUMPTION),SKODA,06K109507R,GNX200,,,,,,,IT,,,,,,,N,,009/2025,II468,001/2017,56,,,,,,,,,,,,,,,,,,,,,72,AUDI HUNGARIA Zrt.,"HU-9027 Gyor, Audi Hungaria ut 1. UST-ID-NR.: HU23391475",,HU,,,,,,,,,,,,,,,,011/2021,17,,,,,,,,,,,,,,,,,,,,
47575790,5/2/2026,CIF,06K115225P SILENT CHAIN (AUTOMOTIVE PARTS FOR CAPTIVE CONSUMPTION),85,PCS,INR,177.9565882,73158900,045/2025,I215,NOEXCISE,,,,,,,,,,(AUTOMOTIVE PARTS FOR CAPTIVE CONSUMPTION),SKODA,06K115225P,GNX200,,,,,,,DE,,,,,,,N,,009/2025,II293,001/2017,56,,,,,,,,,,,,,,,,,,,,,8.88675,AUDI HUNGARIA Zrt.,"HU-9027 Gyor, Audi Hungaria ut 1. UST-ID-NR.: HU23391475",,HU,SIUNAPL,MOSSIMS260326487081,0.00888675,,,,,,,,,,,,,011/2021,17,,,,,,,,,,,,,,,,,,,,
47575790,5/2/2026,CIF,06K115251AD SUCTION LINE (AUTOMOTIVE PARTS FOR CAPTIVE CONSUMPTION),52,PCS,INR,92.40211538,87089900,,,NOEXCISE,,,,,,,,,,(AUTOMOTIVE PARTS FOR CAPTIVE CONSUMPTION),SKODA,06K115251AD,GNX200,,,,,,,IT,,,,,,,N,,009/2025,II544,001/2017,56,,,,,,,,,,,,,,,,,,,,,1.94688,AUDI HUNGARIA Zrt.,"HU-9027 Gyor, Audi Hungaria ut 1. UST-ID-NR.: HU23391475",,HU,,,,,,,,,,,,,,,,011/2021,17,,,,,,,,,,,,,,,,,,,,
47575790,5/2/2026,CIF,06K121034 COOLANT PIPE (AUTOMOTIVE PARTS FOR CAPTIVE CONSUMPTION),48,PCS,INR,504.3075,87089900,,,NOEXCISE,,,,,,,,,,(AUTOMOTIVE PARTS FOR CAPTIVE CONSUMPTION),SKODA,06K121034,GNX200,,,,,,,TR,,,,,,,N,,009/2025,II544,001/2017,56,,,,,,,,,,,,,,,,,,,,,2.6496,AUDI HUNGARIA Zrt.,"HU-9027 Gyor, Audi Hungaria ut 1. UST-ID-NR.: HU23391475",,HU,,,,,,,,,,,,,,,,011/2021,17,,,,,,,,,,,,,,,,,,,,
47575790,5/2/2026,CIF,06K907660C SENSOR (AUTOMOTIVE PARTS FOR CAPTIVE CONSUMPTION),60,PCS,INR,528.8428333,90328990,,,NOEXCISE,,,,,,,,,,(AUTOMOTIVE PARTS FOR CAPTIVE CONSUMPTION),SKODA,06K907660C,GNX200,,,,,,,PL,,,,,,,N,,009/2025,II581,001/2017,56,,,,,,,,,,,,,,,,,,,,,60,AUDI HUNGARIA Zrt.,"HU-9027 Gyor, Audi Hungaria ut 1. UST-ID-NR.: HU23391475",,HU,,,,,,,,,,,,,,,,011/2021,17,,,,,,,,,,,,,,,,,,,,
47575790,5/2/2026,CIF,06L103154N SPRAY NOZZLE (AUTOMOTIVE PARTS FOR CAPTIVE CONSUMPTION),192,PCS,INR,49.03348958,84249000,,,NOEXCISE,,,,,,,,,,(AUTOMOTIVE PARTS FOR CAPTIVE CONSUMPTION),SKODA,06L103154N,GNX200,,,,,,,DE,,,,,,,N,,009/2025,II413,001/2017,56,,,,,,,,,,,,,,,,,,,,,7.00416,AUDI HUNGARIA Zrt.,"HU-9027 Gyor, Audi Hungaria ut 1. UST-ID-NR.: HU23391475",,HU,,,,,,,,,,,,,,,,011/2021,17,,,,,,,,,,,,,,,,,,,,
47575790,5/2/2026,CIF,06L109601F INTAKE VALVE (AUTOMOTIVE PARTS FOR CAPTIVE CONSUMPTION),432,PCS,INR,60.11361111,84099990,,,NOEXCISE,,,,,,,,,,(AUTOMOTIVE PARTS FOR CAPTIVE CONSUMPTION),SKODA,06L109601F,GNX200,,,,,,,PL,,,,,,,N,,009/2025,II396,001/2017,56,,,,,,,,,,,,,,,,,,,,,82.11456,AUDI HUNGARIA Zrt.,"HU-9027 Gyor, Audi Hungaria ut 1. UST-ID-NR.: HU23391475",,HU,,,,,,,,,,,,,,,,011/2021,17,,,,,,,,,,,,,,,,,,,,
47575790,5/2/2026,CIF,06L133201DH INTAKE MANIFOLD (AUTOMOTIVE PARTS FOR CAPTIVE CONSUMPTION),96,PCS,INR,2166.622396,84099199,,,NOEXCISE,,,,,,,,,,(AUTOMOTIVE PARTS FOR CAPTIVE CONSUMPTION),SKODA,06L133201DH,GNX200,,,,,,,DE,,,,,,,N,,009/2025,II396,001/2017,56,,,,,,,,,,,,,,,,,,,,,144.6912,AUDI HUNGARIA Zrt.,"HU-9027 Gyor, Audi Hungaria ut 1. UST-ID-NR.: HU23391475",,HU,,,,,,,,,,,,,,,,011/2021,17,,,,,,,,,,,,,,,,,,,,
47575790,5/2/2026,CIF,06L906051H PRESSURE SENSOR (AUTOMOTIVE PARTS FOR CAPTIVE CONSUMPTION),42,PCS,INR,370.8192857,90328990,,,NOEXCISE,,,,,,,,,,(AUTOMOTIVE PARTS FOR CAPTIVE CONSUMPTION),SKODA,06L906051H,GNX200,,,,,,,MX,,,,,,,N,,009/2025,II581,001/2017,56,,,,,,,,,,,,,,,,,,,,,42,AUDI HUNGARIA Zrt.,"HU-9027 Gyor, Audi Hungaria ut 1. UST-ID-NR.: HU23391475",,HU,,,,,,,,,,,,,,,,011/2021,17,,,,,,,,,,,,,,,,,,,,
47575790,5/2/2026,CIF,06L906054D PRESSURE SENSOR (AUTOMOTIVE PARTS FOR CAPTIVE CONSUMPTION),136,PCS,INR,423.2442647,90328990,,,NOEXCISE,,,,,,,,,,(AUTOMOTIVE PARTS FOR CAPTIVE CONSUMPTION),SKODA,06L906054D,GNX200,,,,,,,DE,,,,,,,N,,009/2025,II581,001/2017,56,,,,,,,,,,,,,,,,,,,,,136,AUDI HUNGARIA Zrt.,"HU-9027 Gyor, Audi Hungaria ut 1. UST-ID-NR.: HU23391475",,HU,,,,,,,,,,,,,,,,011/2021,17,,,,,,,,,,,,,,,,,,,,
47575790,5/2/2026,CIF,06N103353E CYLINDER HEAD (AUTOMOTIVE PARTS FOR CAPTIVE CONSUMPTION),64,PCS,INR,15347.25203,84099990,,,NOEXCISE,,,,,,,,,,(AUTOMOTIVE PARTS FOR CAPTIVE CONSUMPTION),SKODA,06N103353E,GNX200,,,,,,,HU,,,,,,,N,,009/2025,II396,001/2017,56,,,,,,,,,,,,,,,,,,,,,606.94528,AUDI HUNGARIA Zrt.,"HU-9027 Gyor, Audi Hungaria ut 1. UST-ID-NR.: HU23391475",,HU,,,,,,,,,,,,,,,,011/2021,17,,,,,,,,,,,,,,,,,,,,
47575790,5/2/2026,CIF,06N103383A CYLINDER HEAD GSKT (AUTOMOTIVE PARTS FOR CAPTIVE CONSUMPTION),100,PCS,INR,310.6593,40169340,,,NOEXCISE,,,,,,,,,,(AUTOMOTIVE PARTS FOR CAPTIVE CONSUMPTION),SKODA,06N103383A,GNX200,,,,,,,DE,,,,,,,N,,009/2025,II142,001/2017,56,,,,,,,,,,,,,,,,,,,,,23.3,AUDI HUNGARIA Zrt.,"HU-9027 Gyor, Audi Hungaria ut 1. UST-ID-NR.: HU23391475",,HU,,,,,,,,,,,,,,,,011/2021,17,,,,,,,,,,,,,,,,,,,,
47575790,5/2/2026,CIF,06N109257 CONTROL VALVE (AUTOMOTIVE PARTS FOR CAPTIVE CONSUMPTION),144,PCS,INR,450.2375694,84818090,,,NOEXCISE,,,,,,,,,,(AUTOMOTIVE PARTS FOR CAPTIVE CONSUMPTION),SKODA,06N109257,GNX200,,,,,,,DE,,,,,,,N,,009/2025,II466,001/2017,56,,,,,,,,,,,,,,,,,,,,,10.16064,AUDI HUNGARIA Zrt.,"HU-9027 Gyor, Audi Hungaria ut 1. UST-ID-NR.: HU23391475",,HU,,,,,,,,,,,,,,,,011/2021,17,,,,,,,,,,,,,,,,,,,,
47575790,5/2/2026,CIF,06N109259C MAGNET (AUTOMOTIVE PARTS FOR CAPTIVE CONSUMPTION),130,PCS,INR,479.3472308,85051190,,,NOEXCISE,,,,,,,,,,(AUTOMOTIVE PARTS FOR CAPTIVE CONSUMPTION),SKODA,06N109259C,GNX200,,,,,,,RO,,,,,,,N,,009/2025,II478,001/2017,56,,,,,,,,,,,,,,,,,,,,,39.715,AUDI HUNGARIA Zrt.,"HU-9027 Gyor, Audi Hungaria ut 1. UST-ID-NR.: HU23391475",,HU,,,,,,,,,,,,,,,,011/2021,17,,,,,,,,,,,,,,,,,,,,
47575790,5/2/2026,CIF,06N109469B GUIDE RAIL (AUTOMOTIVE PARTS FOR CAPTIVE CONSUMPTION),140,PCS,INR,27.78778571,87089900,,,NOEXCISE,,,,,,,,,,(AUTOMOTIVE PARTS FOR CAPTIVE CONSUMPTION),SKODA,06N109469B,GNX200,,,,,,,SK,,,,,,,N,,009/2025,II544,001/2017,56,,,,,,,,,,,,,,,,,,,,,4.312,AUDI HUNGARIA Zrt.,"HU-9027 Gyor, Audi Hungaria ut 1. UST-ID-NR.: HU23391475",,HU,,,,,,,,,,,,,,,,011/2021,17,,,,,,,,,,,,,,,,,,,,
47575790,5/2/2026,CIF,06N109509 TENSIONING RAIL (AUTOMOTIVE PARTS FOR CAPTIVE CONSUMPTION),60,PCS,INR,86.86666667,84839000,,,NOEXCISE,,,,,,,,,,(AUTOMOTIVE PARTS FOR CAPTIVE CONSUMPTION),SKODA,06N109509,GNX200,,,,,,,SK,,,,,,,N,,009/2025,II468,001/2017,56,,,,,,,,,,,,,,,,,,,,,60,AUDI HUNGARIA Zrt.,"HU-9027 Gyor, Audi Hungaria ut 1. UST-ID-NR.: HU23391475",,HU,,,,,,,,,,,,,,,,011/2021,17,,,,,,,,,,,,,,,,,,,,
47575790,5/2/2026,CIF,06N109509A TENSIONING RAIL (AUTOMOTIVE PARTS FOR CAPTIVE CONSUMPTION),140,PCS,INR,35.85557143,84839000,,,NOEXCISE,,,,,,,,,,(AUTOMOTIVE PARTS FOR CAPTIVE CONSUMPTION),SKODA,06N109509A,GNX200,,,,,,,SK,,,,,,,N,,009/2025,II468,001/2017,56,,,,,,,,,,,,,,,,,,,,,140,AUDI HUNGARIA Zrt.,"HU-9027 Gyor, Audi Hungaria ut 1. UST-ID-NR.: HU23391475",,HU,,,,,,,,,,,,,,,,011/2021,17,,,,,,,,,,,,,,,,,,,,
47575790,5/2/2026,CIF,06N115441 SEAL (AUTOMOTIVE PARTS FOR CAPTIVE CONSUMPTION),200,PCS,INR,52.1002,40169390,,,NOEXCISE,,,,,,,,,,(AUTOMOTIVE PARTS FOR CAPTIVE CONSUMPTION),SKODA,06N115441,GNX200,,,,,,,FR,,,,,,,N,,009/2025,II142,001/2017,56,,,,,,,,,,,,,,,,,,,,,2.64,AUDI HUNGARIA Zrt.,"HU-9027 Gyor, Audi Hungaria ut 1. UST-ID-NR.: HU23391475",,HU,,,,,,,,,,,,,,,,011/2021,17,,,,,,,,,,,,,,,,,,,,
47575790,5/2/2026,CIF,06N127025E FUEL PUMP (AUTOMOTIVE PARTS FOR CAPTIVE CONSUMPTION),65,PCS,INR,4517.625231,84133090,,,NOEXCISE,,,,,,,,,,(AUTOMOTIVE PARTS FOR CAPTIVE CONSUMPTION),SKODA,06N127025E,GNX200,,,,,,,DE,,,,,,,N,,009/2025,II400,001/2017,56,,,,,,,,,,,,,,,,,,,,,65,AUDI HUNGARIA Zrt.,"HU-9027 Gyor, Audi Hungaria ut 1. UST-ID-NR.: HU23391475",,HU,,,,,,,,,,,,,,,,011/2021,17,,,,,,,,,,,,,,,,,,,,
47575790,5/2/2026,CIF,06N127501D FUEL LINE (AUTOMOTIVE PARTS FOR CAPTIVE CONSUMPTION),80,PCS,INR,270.691375,87089900,,,NOEXCISE,,,,,,,,,,(AUTOMOTIVE PARTS FOR CAPTIVE CONSUMPTION),SKODA,06N127501D,GNX200,,,,,,,TH,,,,,,,N,,009/2025,II544,001/2017,56,,,,,,,,,,,,,,,,,,,,,7.296,AUDI HUNGARIA Zrt.,"HU-9027 Gyor, Audi Hungaria ut 1. UST-ID-NR.: HU23391475",,HU,,,,,,,,,,,,,,,,011/2021,17,,,,,,,,,,,,,,,,,,,,
47575790,5/2/2026,CIF,06N133317A FUEL RAIL (AUTOMOTIVE PARTS FOR CAPTIVE CONSUMPTION),60,PCS,INR,2562.873333,84099990,,,NOEXCISE,,,,,,,,,,(AUTOMOTIVE PARTS FOR CAPTIVE CONSUMPTION),SKODA,06N133317A,GNX200,,,,,,,DE,,,,,,,N,,009/2025,II396,001/2017,56,,,,,,,,,,,,,,,,,,,,,33.696,AUDI HUNGARIA Zrt.,"HU-9027 Gyor, Audi Hungaria ut 1. UST-ID-NR.: HU23391475",,HU,,,,,,,,,,,,,,,,011/2021,17,,,,,,,,,,,,,,,,,,,,
47575790,5/2/2026,CIF,06N145100G VACUUM PUMP (AUTOMOTIVE PARTS FOR CAPTIVE CONSUMPTION),240,PCS,INR,1239.763708,84141090,,,NOEXCISE,,,,,,,,,,(AUTOMOTIVE PARTS FOR CAPTIVE CONSUMPTION),SKODA,06N145100G,GNX200,,,,,,,IT,,,,,,,N,,009/2025,II401,001/2017,56,,,,,,,,,,,,,,,,,,,,,240,AUDI HUNGARIA Zrt.,"HU-9027 Gyor, Audi Hungaria ut 1. UST-ID-NR.: HU23391475",,HU,,,,,,,,,,,,,,,,011/2021,17,,,,,,,,,,,,,,,,,,,,
47575790,5/2/2026,CIF,06N906036A HIGH-PRESSURE INJE (AUTOMOTIVE PARTS FOR CAPTIVE CONSUMPTION),288,PCS,INR,788.8885069,84818090,,,NOEXCISE,,,,,,,,,,(AUTOMOTIVE PARTS FOR CAPTIVE CONSUMPTION),SKODA,06N906036A,GNX200,,,,,,,DE,,,,,,,N,,009/2025,II466,001/2017,56,,,,,,,,,,,,,,,,,,,,,46.44864,AUDI HUNGARIA Zrt.,"HU-9027 Gyor, Audi Hungaria ut 1. UST-ID-NR.: HU23391475",,HU,,,,,,,,,,,,,,,,011/2021,17,,,,,,,,,,,,,,,,,,,,
47575790,5/2/2026,CIF,"06N971627B HARNESS,ENGINE PRE (AUTOMOTIVE PARTS FOR CAPTIVE CONSUMPTION)",72,PCS,INR,663.0795833,85443000,,,NOEXCISE,,,,,,,,,,(AUTOMOTIVE PARTS FOR CAPTIVE CONSUMPTION),SKODA,06N971627B,GNX200,,,,,,,UA,,,,,,,N,,009/2025,II516,001/2017,56,,,,,,,,,,,,,,,,,,,,,8.24256,AUDI HUNGARIA Zrt.,"HU-9027 Gyor, Audi Hungaria ut 1. UST-ID-NR.: HU23391475",,HU,,,,,,,,,,,,,,,,011/2021,17,,,,,,,,,,,,,,,,,,,,
47575790,5/2/2026,CIF,06Q103011B CYLINDER BLOCK A. (AUTOMOTIVE PARTS FOR CAPTIVE CONSUMPTION),72,PCS,INR,12438.70472,84099990,,,NOEXCISE,,,,,,,,,,(AUTOMOTIVE PARTS FOR CAPTIVE CONSUMPTION),SKODA,06Q103011B,GNX200,,,,,,,HU,,,,,,,N,,009/2025,II396,001/2017,56,,,,,,,,,,,,,,,,,,,,,1979.40672,AUDI HUNGARIA Zrt.,"HU-9027 Gyor, Audi Hungaria ut 1. UST-ID-NR.: HU23391475",,HU,,,,,,,,,,,,,,,,011/2021,17,,,,,,,,,,,,,,,,,,,,
47575790,5/2/2026,CIF,06Q103208 SHIFT VALVE (AUTOMOTIVE PARTS FOR CAPTIVE CONSUMPTION),120,PCS,INR,146.4443333,84818090,,,NOEXCISE,,,,,,,,,,(AUTOMOTIVE PARTS FOR CAPTIVE CONSUMPTION),SKODA,06Q103208,GNX200,,,,,,,MA,,,,,,,N,,009/2025,II466,001/2017,56,,,,,,,,,,,,,,,,,,,,,3.312,AUDI HUNGARIA Zrt.,"HU-9027 Gyor, Audi Hungaria ut 1. UST-ID-NR.: HU23391475",,HU,,,,,,,,,,,,,,,,011/2021,17,,,,,,,,,,,,,,,,,,,,
47575790,5/2/2026,CIF,06Q103213 BREATHER PIPE (AUTOMOTIVE PARTS FOR CAPTIVE CONSUMPTION),48,PCS,INR,450.4964583,87089900,,,NOEXCISE,,,,,,,,,,(AUTOMOTIVE PARTS FOR CAPTIVE CONSUMPTION),SKODA,06Q103213,GNX200,,,,,,,PL,,,,,,,N,,009/2025,II544,001/2017,56,,,,,,,,,,,,,,,,,,,,,0.99072,AUDI HUNGARIA Zrt.,"HU-9027 Gyor, Audi Hungaria ut 1. UST-ID-NR.: HU23391475",,HU,,,,,,,,,,,,,,,,011/2021,17,,,,,,,,,,,,,,,,,,,,
47575790,5/2/2026,CIF,06Q103485D OIL FILLER CAP (AUTOMOTIVE PARTS FOR CAPTIVE CONSUMPTION),200,PCS,INR,60.2245,87089900,,,NOEXCISE,,,,,,,,,,(AUTOMOTIVE PARTS FOR CAPTIVE CONSUMPTION),SKODA,06Q103485D,GNX200,,,,,,,PL,,,,,,,N,,009/2025,II544,001/2017,56,,,,,,,,,,,,,,,,,,,,,14.8,AUDI HUNGARIA Zrt.,"HU-9027 Gyor, Audi Hungaria ut 1. UST-ID-NR.: HU23391475",,HU,,,,,,,,,,,,,,,,011/2021,17,,,,,,,,,,,,,,,,,,,,
47575790,5/2/2026,CIF,06Q103967D SOUND INSULATION E (AUTOMOTIVE PARTS FOR CAPTIVE CONSUMPTION),72,PCS,INR,166.11875,87089900,,,NOEXCISE,,,,,,,,,,(AUTOMOTIVE PARTS FOR CAPTIVE CONSUMPTION),SKODA,06Q103967D,GNX200,,,,,,,CZ,,,,,,,N,,009/2025,II544,001/2017,56,,,,,,,,,,,,,,,,,,,,,11.664,AUDI HUNGARIA Zrt.,"HU-9027 Gyor, Audi Hungaria ut 1. UST-ID-NR.: HU23391475",,HU,,,,,,,,,,,,,,,,011/2021,17,,,,,,,,,,,,,,,,,,,,
47575790,5/2/2026,CIF,06Q109210 TIMING CHAIN CASE (AUTOMOTIVE PARTS FOR CAPTIVE CONSUMPTION),64,PCS,INR,604.795625,84099990,,,NOEXCISE,,,,,,,,,,(AUTOMOTIVE PARTS FOR CAPTIVE CONSUMPTION),SKODA,06Q109210,GNX200,,,,,,,DE,,,,,,,N,,009/2025,II396,001/2017,56,,,,,,,,,,,,,,,,,,,,,40.1408,AUDI HUNGARIA Zrt.,"HU-9027 Gyor, Audi Hungaria ut 1. UST-ID-NR.: HU23391475",,HU,,,,,,,,,,,,,,,,011/2021,17,,,,,,,,,,,,,,,,,,,,
47575790,5/2/2026,CIF,06Q115243 CONTROL VALVE (AUTOMOTIVE PARTS FOR CAPTIVE CONSUMPTION),72,PCS,INR,443.5931944,84818090,,,NOEXCISE,,,,,,,,,,(AUTOMOTIVE PARTS FOR CAPTIVE CONSUMPTION),SKODA,06Q115243,GNX200,,,,,,,DE,,,,,,,N,,009/2025,II466,001/2017,56,,,,,,,,,,,,,,,,,,,,,4.9248,AUDI HUNGARIA Zrt.,"HU-9027 Gyor, Audi Hungaria ut 1. UST-ID-NR.: HU23391475",,HU,,,,,,,,,,,,,,,,011/2021,17,,,,,,,,,,,,,,,,,,,,
47575790,5/2/2026,CIF,06Q115610B GUIDE TUBE (AUTOMOTIVE PARTS FOR CAPTIVE CONSUMPTION),110,PCS,INR,99.35154545,87089900,,,NOEXCISE,,,,,,,,,,(AUTOMOTIVE PARTS FOR CAPTIVE CONSUMPTION),SKODA,06Q115610B,GNX200,,,,,,,DE,,,,,,,N,,009/2025,II544,001/2017,56,,,,,,,,,,,,,,,,,,,,,6.897,AUDI HUNGARIA Zrt.,"HU-9027 Gyor, Audi Hungaria ut 1. UST-ID-NR.: HU23391475",,HU,,,,,,,,,,,,,,,,011/2021,17,,,,,,,,,,,,,,,,,,,,
47575790,5/2/2026,CIF,06Q121065C COOLANT PIPE (AUTOMOTIVE PARTS FOR CAPTIVE CONSUMPTION),180,PCS,INR,198.6845,87089900,,,NOEXCISE,,,,,,,,,,(AUTOMOTIVE PARTS FOR CAPTIVE CONSUMPTION),SKODA,06Q121065C,GNX200,,,,,,,SK,,,,,,,N,,009/2025,II544,001/2017,56,,,,,,,,,,,,,,,,,,,,,23.328,AUDI HUNGARIA Zrt.,"HU-9027 Gyor, Audi Hungaria ut 1. UST-ID-NR.: HU23391475",,HU,,,,,,,,,,,,,,,,011/2021,17,,,,,,,,,,,,,,,,,,,,
47575790,5/2/2026,CIF,06Q121492B WATER RETURN LINE (AUTOMOTIVE PARTS FOR CAPTIVE CONSUMPTION),150,PCS,INR,180.0821333,87089900,,,NOEXCISE,,,,,,,,,,(AUTOMOTIVE PARTS FOR CAPTIVE CONSUMPTION),SKODA,06Q121492B,GNX200,,,,,,,HU,,,,,,,N,,009/2025,II544,001/2017,56,,,,,,,,,,,,,,,,,,,,,10.125,AUDI HUNGARIA Zrt.,"HU-9027 Gyor, Audi Hungaria ut 1. UST-ID-NR.: HU23391475",,HU,,,,,,,,,,,,,,,,011/2021,17,,,,,,,,,,,,,,,,,,,,
47575790,5/2/2026,CIF,06Q121497D WATER FEED LINE (AUTOMOTIVE PARTS FOR CAPTIVE CONSUMPTION),64,PCS,INR,876.0601563,87089900,,,NOEXCISE,,,,,,,,,,(AUTOMOTIVE PARTS FOR CAPTIVE CONSUMPTION),SKODA,06Q121497D,GNX200,,,,,,,HU,,,,,,,N,,009/2025,II544,001/2017,56,,,,,,,,,,,,,,,,,,,,,9.78944,AUDI HUNGARIA Zrt.,"HU-9027 Gyor, Audi Hungaria ut 1. UST-ID-NR.: HU23391475",,HU,,,,,,,,,,,,,,,,011/2021,17,,,,,,,,,,,,,,,,,,,,
47575790,5/2/2026,CIF,06Q131552F CONTROL LINE (AUTOMOTIVE PARTS FOR CAPTIVE CONSUMPTION),56,PCS,INR,1616.284821,84099199,,,NOEXCISE,,,,,,,,,,(AUTOMOTIVE PARTS FOR CAPTIVE CONSUMPTION),SKODA,06Q131552F,GNX200,,,,,,,TR,,,,,,,N,,009/2025,II396,001/2017,56,,,,,,,,,,,,,,,,,,,,,13.86112,AUDI HUNGARIA Zrt.,"HU-9027 Gyor, Audi Hungaria ut 1. UST-ID-NR.: HU23391475",,HU,,,,,,,,,,,,,,,,011/2021,17,,,,,,,,,,,,,,,,,,,,
47575790,5/2/2026,CIF,06Q133583 CONNECTING HOSE (AUTOMOTIVE PARTS FOR CAPTIVE CONSUMPTION),300,PCS,INR,55.6502,40094200,,,NOEXCISE,,,,,,,,,,(AUTOMOTIVE PARTS FOR CAPTIVE CONSUMPTION),SKODA,06Q133583,GNX200,,,,,,,DE,,,,,,,N,,009/2025,II135,001/2017,56,,,,,,,,,,,,,,,,,,,,,9,AUDI HUNGARIA Zrt.,"HU-9027 Gyor, Audi Hungaria ut 1. UST-ID-NR.: HU23391475",,HU,,,,,,,,,,,,,,,,011/2021,17,,,,,,,,,,,,,,,,,,,,
47575790,5/2/2026,CIF,06Q133773A VACUUM LINE (AUTOMOTIVE PARTS FOR CAPTIVE CONSUMPTION),200,PCS,INR,61.851,87083000,,,NOEXCISE,,,,,,,,,,(AUTOMOTIVE PARTS FOR CAPTIVE CONSUMPTION),SKODA,06Q133773A,GNX200,,,,,,,TR,,,,,,,N,,009/2025,II544,001/2017,56,,,,,,,,,,,,,,,,,,,,,4.4,AUDI HUNGARIA Zrt.,"HU-9027 Gyor, Audi Hungaria ut 1. UST-ID-NR.: HU23391475",,HU,,,,,,,,,,,,,,,,011/2021,17,,,,,,,,,,,,,,,,,,,,
47575790,5/2/2026,CIF,06Q133833 SHIELD (AUTOMOTIVE PARTS FOR CAPTIVE CONSUMPTION),150,PCS,INR,107.5668,87089900,,,NOEXCISE,,,,,,,,,,(AUTOMOTIVE PARTS FOR CAPTIVE CONSUMPTION),SKODA,06Q133833,GNX200,,,,,,,DE,,,,,,,N,,009/2025,II544,001/2017,56,,,,,,,,,,,,,,,,,,,,,8.1,AUDI HUNGARIA Zrt.,"HU-9027 Gyor, Audi Hungaria ut 1. UST-ID-NR.: HU23391475",,HU,,,,,,,,,,,,,,,,011/2021,17,,,,,,,,,,,,,,,,,,,,
47575790,5/2/2026,CIF,06Q145735F OIL RETURN LINE (AUTOMOTIVE PARTS FOR CAPTIVE CONSUMPTION),60,PCS,INR,521.7733333,84099990,,,NOEXCISE,,,,,,,,,,(AUTOMOTIVE PARTS FOR CAPTIVE CONSUMPTION),SKODA,06Q145735F,GNX200,,,,,,,DE,,,,,,,N,,009/2025,II396,001/2017,56,,,,,,,,,,,,,,,,,,,,,6.372,AUDI HUNGARIA Zrt.,"HU-9027 Gyor, Audi Hungaria ut 1. UST-ID-NR.: HU23391475",,HU,,,,,,,,,,,,,,,,011/2021,17,,,,,,,,,,,,,,,,,,,,
47575790,5/2/2026,CIF,06Q145778B OIL PIPE (AUTOMOTIVE PARTS FOR CAPTIVE CONSUMPTION),72,PCS,INR,491.9891667,84099990,,,NOEXCISE,,,,,,,,,,(AUTOMOTIVE PARTS FOR CAPTIVE CONSUMPTION),SKODA,06Q145778B,GNX200,,,,,,,DE,,,,,,,N,,009/2025,II396,001/2017,56,,,,,,,,,,,,,,,,,,,,,6.9984,AUDI HUNGARIA Zrt.,"HU-9027 Gyor, Audi Hungaria ut 1. UST-ID-NR.: HU23391475",,HU,,,,,,,,,,,,,,,,011/2021,17,,,,,,,,,,,,,,,,,,,,
47575790,5/2/2026,CIF,06Q903133E BELT TENSIONER (AUTOMOTIVE PARTS FOR CAPTIVE CONSUMPTION),60,PCS,INR,459.1461667,84835090,,,NOEXCISE,,,,,,,,,,(AUTOMOTIVE PARTS FOR CAPTIVE CONSUMPTION),SKODA,06Q903133E,GNX200,,,,,,,CZ,,,,,,,N,,009/2025,II468,001/2017,56,,,,,,,,,,,,,,,,,,,,,60,AUDI HUNGARIA Zrt.,"HU-9027 Gyor, Audi Hungaria ut 1. UST-ID-NR.: HU23391475",,HU,,,,,,,,,,,,,,,,011/2021,17,,,,,,,,,,,,,,,,,,,,
47575790,5/2/2026,CIF,06Q905601A SPARK PLUG (AUTOMOTIVE PARTS FOR CAPTIVE CONSUMPTION),480,PCS,INR,255.5267083,85111000,,,NOEXCISE,,,,,,,,,,(AUTOMOTIVE PARTS FOR CAPTIVE CONSUMPTION),SKODA,06Q905601A,GNX200,,,,,,,JP,,,,,,,N,,009/2025,II484,001/2017,56,,,,,,,,,,,,,,,,,,,,,480,AUDI HUNGARIA Zrt.,"HU-9027 Gyor, Audi Hungaria ut 1. UST-ID-NR.: HU23391475",,HU,,,,,,,,,,,,,,,,011/2021,17,,,,,,,,,,,,,,,,,,,,
47575790,5/2/2026,CIF,06Q907601 PULSE GENERATOR (AUTOMOTIVE PARTS FOR CAPTIVE CONSUMPTION),200,PCS,INR,166.3406,90328990,,,NOEXCISE,,,,,,,,,,(AUTOMOTIVE PARTS FOR CAPTIVE CONSUMPTION),SKODA,06Q907601,GNX200,,,,,,,DE,,,,,,,N,,009/2025,II581,001/2017,56,,,,,,,,,,,,,,,,,,,,,200,AUDI HUNGARIA Zrt.,"HU-9027 Gyor, Audi Hungaria ut 1. UST-ID-NR.: HU23391475",,HU,,,,,,,,,,,,,,,,011/2021,17,,,,,,,,,,,,,,,,,,,,
47575790,5/2/2026,CIF,0GC103551A INTERMEDIATE PLATE (AUTOMOTIVE PARTS FOR CAPTIVE CONSUMPTION),60,PCS,INR,289.5341667,87089900,,,NOEXCISE,,,,,,,,,,(AUTOMOTIVE PARTS FOR CAPTIVE CONSUMPTION),SKODA,0GC103551A,GNX200,,,,,,,HU,,,,,,,N,,009/2025,II544,001/2017,56,,,,,,,,,,,,,,,,,,,,,16.632,AUDI HUNGARIA Zrt.,"HU-9027 Gyor, Audi Hungaria ut 1. UST-ID-NR.: HU23391475",,HU,,,,,,,,,,,,,,,,011/2021,17,,,,,,,,,,,,,,,,,,,,
47575790,5/2/2026,CIF,N91283401 DOUBLE BOLT (AUTOMOTIVE PARTS FOR CAPTIVE CONSUMPTION),900,PCS,INR,7.3468,73181500,,,NOEXCISE,,,,,,,,,,(AUTOMOTIVE PARTS FOR CAPTIVE CONSUMPTION),SKODA,N91283401,GNX200,,,,,,,IT,,,,,,,N,,009/2025,II296,001/2017,56,,,,,,,,,,,,,,,,,,,,,105.3,AUDI HUNGARIA Zrt.,"HU-9027 Gyor, Audi Hungaria ut 1. UST-ID-NR.: HU23391475",,HU,SIUNAPL,MOSSIMS230326483554,0.1053,,,,,,,,,,,,,011/2021,17,,,,,,,,,,,,,,,,,,,,
47575790,5/2/2026,CIF,WHT009402A TAP END STUD (AUTOMOTIVE PARTS FOR CAPTIVE CONSUMPTION),700,PCS,INR,10.6458,73181500,,,NOEXCISE,,,,,,,,,,(AUTOMOTIVE PARTS FOR CAPTIVE CONSUMPTION),SKODA,WHT009402A,GNX200,,,,,,,DE,,,,,,,N,,009/2025,II296,001/2017,56,,,,,,,,,,,,,,,,,,,,,87.416,AUDI HUNGARIA Zrt.,"HU-9027 Gyor, Audi Hungaria ut 1. UST-ID-NR.: HU23391475",,HU,SIUNAPL,MOSSIMS230326483555,0.087416,,,,,,,,,,,,,011/2021,17,,,,,,,,,,,,,,,,,,,,
47575790,5/2/2026,CIF,"06Q972610 HARNESS,ENGINE PRE (AUTOMOTIVE PARTS FOR CAPTIVE CONSUMPTION)",72,PCS,INR,4843.365139,85443000,,,NOEXCISE,,,,,,,,,,(AUTOMOTIVE PARTS FOR CAPTIVE CONSUMPTION),SKODA,06Q972610,GNX200,,,,,,,TN,,,,,,,N,,009/2025,II516,001/2017,56,,,,,,,,,,,,,,,,,,,,,100.15488,AUDI HUNGARIA Zrt.,"HU-9027 Gyor, Audi Hungaria ut 1. UST-ID-NR.: HU23391475",,HU,,,,,,,,,,,,,,,,011/2021,17,,,,,,,,,,,,,,,,,,,,
47575790,5/2/2026,CIF,06K103295BG BALANCE SHAFT (AUTOMOTIVE PARTS FOR CAPTIVE CONSUMPTION),160,PCS,INR,1230.125188,84831099,,,NOEXCISE,,,,,,,,,,(AUTOMOTIVE PARTS FOR CAPTIVE CONSUMPTION),SKODA,06K103295BG,GNX200,,,,,,,HU,,,,,,,N,,009/2025,II468,001/2017,56,,,,,,,,,,,,,,,,,,,,,160,AUDI HUNGARIA Zrt.,"HU-9027 Gyor, Audi Hungaria ut 1. UST-ID-NR.: HU23391475",,HU,,,,,,,,,,,,,,,,011/2021,17,,,,,,,,,,,,,,,,,,,,
47575790,5/2/2026,CIF,06R109417 ROLLER ROCKER ARM (AUTOMOTIVE PARTS FOR CAPTIVE CONSUMPTION),600,PCS,INR,56.8316,87089900,,,NOEXCISE,,,,,,,,,,(AUTOMOTIVE PARTS FOR CAPTIVE CONSUMPTION),SKODA,06R109417,GNX200,,,,,,,DE,,,,,,,N,,009/2025,II544,001/2017,56,,,,,,,,,,,,,,,,,,,,,158.4,AUDI HUNGARIA Zrt.,"HU-9027 Gyor, Audi Hungaria ut 1. UST-ID-NR.: HU23391475",,HU,,,,,,,,,,,,,,,,011/2021,17,,,,,,,,,,,,,,,,,,,,
47575790,5/2/2026,CIF,06Q133723T FUEL LINE (AUTOMOTIVE PARTS FOR CAPTIVE CONSUMPTION),110,PCS,INR,368.4995455,87089900,,,NOEXCISE,,,,,,,,,,(AUTOMOTIVE PARTS FOR CAPTIVE CONSUMPTION),SKODA,06Q133723T,GNX200,,,,,,,DE,,,,,,,N,,009/2025,II544,001/2017,56,,,,,,,,,,,,,,,,,,,,,14.883,AUDI HUNGARIA Zrt.,"HU-9027 Gyor, Audi Hungaria ut 1. UST-ID-NR.: HU23391475",,HU,,,,,,,,,,,,,,,,011/2021,17,,,,,,,,,,,,,,,,,,,,
47575790,5/2/2026,CIF,06N103166B BEARING BRIDGE (AUTOMOTIVE PARTS FOR CAPTIVE CONSUMPTION),72,PCS,INR,615.1576389,87089900,,,NOEXCISE,,,,,,,,,,(AUTOMOTIVE PARTS FOR CAPTIVE CONSUMPTION),SKODA,06N103166B,GNX200,,,,,,,DE,,,,,,,N,,009/2025,II544,001/2017,56,,,,,,,,,,,,,,,,,,,,,32.9184,AUDI HUNGARIA Zrt.,"HU-9027 Gyor, Audi Hungaria ut 1. UST-ID-NR.: HU23391475",,HU,,,,,,,,,,,,,,,,011/2021,17,,,,,,,,,,,,,,,,,,,,
47575790,5/2/2026,CIF,06N103392D TRANSPORT BRACKET (AUTOMOTIVE PARTS FOR CAPTIVE CONSUMPTION),60,PCS,INR,168.1806667,87089900,,,NOEXCISE,,,,,,,,,,(AUTOMOTIVE PARTS FOR CAPTIVE CONSUMPTION),SKODA,06N103392D,GNX200,,,,,,,DE,,,,,,,N,,009/2025,II544,001/2017,56,,,,,,,,,,,,,,,,,,,,,11.196,AUDI HUNGARIA Zrt.,"HU-9027 Gyor, Audi Hungaria ut 1. UST-ID-NR.: HU23391475",,HU,,,,,,,,,,,,,,,,011/2021,17,,,,,,,,,,,,,,,,,,,,
47575790,5/2/2026,CIF,N10196103 HEX SOCKET FLANGE SCREW (AUTOMOTIVE PARTS FOR CAPTIVE CONSUMPTION),2300,PCS,INR,1.7103,73181190,,,NOEXCISE,,,,,,,,,,(AUTOMOTIVE PARTS FOR CAPTIVE CONSUMPTION),SKODA,N10196103,GNX200,,,,,,,TW,,,,,,,N,,009/2025,II296,001/2017,56,,,,,,,,,,,,,,,,,,,,,322.69,AUDI HUNGARIA Zrt.,"HU-9027 Gyor, Audi Hungaria ut 1. UST-ID-NR.: HU23391475",,HU,SIUNAPL,MOSSIMS230326483551,0.32269,,,,,,,,,,,,,011/2021,17,,,,,,,,,,,,,,,,,,,,
47575790,5/2/2026,CIF,06R103300ABLA NEEDLE RIM (AUTOMOTIVE PARTS FOR CAPTIVE CONSUMPTION),105,PCS,INR,61.93257143,84099990,,,NOEXCISE,,,,,,,,,,(AUTOMOTIVE PARTS FOR CAPTIVE CONSUMPTION),SKODA,06R103300ABLA,GNX200,,,,,,,DE,,,,,,,N,,009/2025,II396,001/2017,56,,,,,,,,,,,,,,,,,,,,,8.26875,AUDI HUNGARIA Zrt.,"HU-9027 Gyor, Audi Hungaria ut 1. UST-ID-NR.: HU23391475",,HU,,,,,,,,,,,,,,,,011/2021,17,,,,,,,,,,,,,,,,,,,,
47575790,5/2/2026,CIF,06Q117021H OIL COOLER (AUTOMOTIVE PARTS FOR CAPTIVE CONSUMPTION),72,PCS,INR,722.2056944,84195091,,,NOEXCISE,,,,,,,,,,(AUTOMOTIVE PARTS FOR CAPTIVE CONSUMPTION),SKODA,06Q117021H,GNX200,,,,,,,PL,,,,,,,N,,009/2025,II408,001/2017,56,,,,,,,,,,,,,,,,,,,,,72,AUDI HUNGARIA Zrt.,"HU-9027 Gyor, Audi Hungaria ut 1. UST-ID-NR.: HU23391475",,HU,,,,,,,,,,,,,,,,011/2021,17,,,,,,,,,,,,,,,,,,,,
47575790,5/2/2026,CIF,06Q103495H OIL SEPARATOR (AUTOMOTIVE PARTS FOR CAPTIVE CONSUMPTION),60,PCS,INR,1042.2225,84099191,,,NOEXCISE,,,,,,,,,,(AUTOMOTIVE PARTS FOR CAPTIVE CONSUMPTION),SKODA,06Q103495H,GNX200,,,,,,,PL,,,,,,,N,,009/2025,II396,001/2017,56,,,,,,,,,,,,,,,,,,,,,14.256,AUDI HUNGARIA Zrt.,"HU-9027 Gyor, Audi Hungaria ut 1. UST-ID-NR.: HU23391475",,HU,,,,,,,,,,,,,,,,011/2021,17,,,,,,,,,,,,,,,,,,,,
47575790,5/2/2026,CIF,06J109623H VALVE SPRING (AUTOMOTIVE PARTS FOR CAPTIVE CONSUMPTION),700,PCS,INR,26.9658,84099191,,,NOEXCISE,,,,,,,,,,(AUTOMOTIVE PARTS FOR CAPTIVE CONSUMPTION),SKODA,06J109623H,GNX200,,,,,,,CH,,,,,,,N,,009/2025,II396,001/2017,56,,,,,,,,,,,,,,,,,,,,,171.5,AUDI HUNGARIA Zrt.,"HU-9027 Gyor, Audi Hungaria ut 1. UST-ID-NR.: HU23391475",,HU,,,,,,,,,,,,,,,,011/2021,17,,,,,,,,,,,,,,,,,,,,
47575790,5/2/2026,CIF,06J109623G VALVE SPRING (AUTOMOTIVE PARTS FOR CAPTIVE CONSUMPTION),640,PCS,INR,28.15790625,84099191,,,NOEXCISE,,,,,,,,,,(AUTOMOTIVE PARTS FOR CAPTIVE CONSUMPTION),SKODA,06J109623G,GNX200,,,,,,,CH,,,,,,,N,,009/2025,II396,001/2017,56,,,,,,,,,,,,,,,,,,,,,172.032,AUDI HUNGARIA Zrt.,"HU-9027 Gyor, Audi Hungaria ut 1. UST-ID-NR.: HU23391475",,HU,,,,,,,,,,,,,,,,011/2021,17,,,,,,,,,,,,,,,,,,,,
47575790,5/2/2026,CIF,06L105401S CONNECTING ROD (AUTOMOTIVE PARTS FOR CAPTIVE CONSUMPTION),260,PCS,INR,526.425,84099191,,,NOEXCISE,,,,,,,,,,(AUTOMOTIVE PARTS FOR CAPTIVE CONSUMPTION),SKODA,06L105401S,GNX200,,,,,,,HU,,,,,,,N,,009/2025,II396,001/2017,56,,,,,,,,,,,,,,,,,,,,,383.968,AUDI HUNGARIA Zrt.,"HU-9027 Gyor, Audi Hungaria ut 1. UST-ID-NR.: HU23391475",,HU,,,,,,,,,,,,,,,,011/2021,17,,,,,,,,,,,,,,,,,,,,
47575790,5/2/2026,CIF,06Q199351E BRACKET (AUTOMOTIVE PARTS FOR CAPTIVE CONSUMPTION),90,PCS,INR,1115.320444,87089900,,,NOEXCISE,,,,,,,,,,(AUTOMOTIVE PARTS FOR CAPTIVE CONSUMPTION),SKODA,06Q199351E,GNX200,,,,,,,AT,,,,,,,N,,009/2025,II544,001/2017,56,,,,,,,,,,,,,,,,,,,,,166.698,AUDI HUNGARIA Zrt.,"HU-9027 Gyor, Audi Hungaria ut 1. UST-ID-NR.: HU23391475",,HU,,,,,,,,,,,,,,,,011/2021,17,,,,,,,,,,,,,,,,,,,,
47575790,5/2/2026,CIF,06Q145701D TURBOCHARGER (AUTOMOTIVE PARTS FOR CAPTIVE CONSUMPTION),24,PCS,INR,39733.75042,84148030,,,NOEXCISE,,,,,,,,,,(AUTOMOTIVE PARTS FOR CAPTIVE CONSUMPTION),SKODA,06Q145701D,GNX200,,,,,,,IT,,,,,,,N,,009/2025,II401,001/2017,56,,,,,,,,,,,,,,,,,,,,,24,AUDI HUNGARIA Zrt.,"HU-9027 Gyor, Audi Hungaria ut 1. UST-ID-NR.: HU23391475",,HU,,,,,,,,,,,,,,,,011/2021,17,,,,,,,,,,,,,,,,,,,,
47575790,5/2/2026,CIF,06R103199A TUBE (AUTOMOTIVE PARTS FOR CAPTIVE CONSUMPTION),91,PCS,INR,25.20076923,84099990,,,NOEXCISE,,,,,,,,,,(AUTOMOTIVE PARTS FOR CAPTIVE CONSUMPTION),SKODA,06R103199A,GNX200,,,,,,,SK,,,,,,,N,,009/2025,II396,001/2017,56,,,,,,,,,,,,,,,,,,,,,2.89835,AUDI HUNGARIA Zrt.,"HU-9027 Gyor, Audi Hungaria ut 1. UST-ID-NR.: HU23391475",,HU,,,,,,,,,,,,,,,,011/2021,17,,,,,,,,,,,,,,,,,,,,
47575790,5/2/2026,CIF,06Q129597G COVER (AUTOMOTIVE PARTS FOR CAPTIVE CONSUMPTION),81,PCS,INR,431.4901235,84099990,,,NOEXCISE,,,,,,,,,,(AUTOMOTIVE PARTS FOR CAPTIVE CONSUMPTION),SKODA,06Q129597G,GNX200,,,,,,,FR,,,,,,,N,,009/2025,II396,001/2017,56,,,,,,,,,,,,,,,,,,,,,21.6513,AUDI HUNGARIA Zrt.,"HU-9027 Gyor, Audi Hungaria ut 1. UST-ID-NR.: HU23391475",,HU,,,,,,,,,,,,,,,,011/2021,17,,,,,,,,,,,,,,,,,,,,
47575790,5/2/2026,CIF,06K105701QGLB CONNECTING ROD BEARING (AUTOMOTIVE PARTS FOR CAPTIVE CONSUMPTION),1500,PCS,INR,42.8512,84833000,,,NOEXCISE,,,,,,,,,,(AUTOMOTIVE PARTS FOR CAPTIVE CONSUMPTION),SKODA,06K105701QGLB,GNX200,,,,,,,SK,,,,,,,N,,009/2025,II468,001/2017,56,,,,,,,,,,,,,,,,,,,,,1500,AUDI HUNGARIA Zrt.,"HU-9027 Gyor, Audi Hungaria ut 1. UST-ID-NR.: HU23391475",,HU,,,,,,,,,,,,,,,,011/2021,17,,,,,,,,,,,,,,,,,,,,
